{"cameraMode":{"drawMode":0,"name":"Shaded","section":"Shading Mode"},"sceneLighting":true,"audioPlay":false,"sceneViewState":{"m_AlwaysRefresh":false,"showFog":true,"showSkybox":true,"showFlares":true,"showImageEffects":true,"showParticleSystems":true,"showVisualEffectGraphs":true,"m_FxEnabled":true},"in2DMode":false,"pivot":{"x":-1.9421498775482178,"y":0.7832350730895996,"z":3.219379425048828},"rotation":{"x":-0.20034350454807282,"y":0.19313107430934907,"z":-0.04031927138566971,"w":-0.959656834602356},"size":3.6138217449188234,"orthographic":true}